label_name,bbox_x,bbox_y,bbox_width,bbox_height,image_name,image_width,image_height
green,728,675,109,100,robothor_scene_01_modified.jpg,2256,934
green,910,666,124,100,robothor_scene_01_modified.jpg,2256,934
green,1004,566,151,106,robothor_scene_01_modified.jpg,2256,934
green,1725,623,182,130,robothor_scene_01_modified.jpg,2256,934
green,1968,775,191,149,robothor_scene_01_modified.jpg,2256,934
green,227,605,494,158,robothor_scene_01_modified.jpg,2256,934
green,1201,526,55,49,robothor_scene_01_modified.jpg,2256,934
green,1004,481,103,73,robothor_scene_01_modified.jpg,2256,934
green,621,752,175,136,robothor_scene_02_modified.jpg,2242,1024
green,289,688,99,211,robothor_scene_02_modified.jpg,2242,1024
green,1510,782,81,142,robothor_scene_02_modified.jpg,2242,1024
green,1377,703,63,133,robothor_scene_02_modified.jpg,2242,1024
green,1757,758,301,139,robothor_scene_02_modified.jpg,2242,1024
green,922,755,57,75,robothor_scene_02_modified.jpg,2242,1024
green,847,800,81,57,robothor_scene_02_modified.jpg,2242,1024
green,371,655,184,169,robothor_scene_02_modified.jpg,2242,1024
green,160,697,127,142,robothor_scene_02_modified.jpg,2242,1024
green,472,770,168,124,robothor_scene_03_modified.jpg,2308,990
green,813,757,118,96,robothor_scene_03_modified.jpg,2308,990
green,937,785,59,81,robothor_scene_03_modified.jpg,2308,990
green,1089,729,124,102,robothor_scene_03_modified.jpg,2308,990
green,1290,676,93,81,robothor_scene_03_modified.jpg,2308,990
green,1694,670,78,47,robothor_scene_03_modified.jpg,2308,990
green,1024,773,43,59,robothor_scene_03_modified.jpg,2308,990
green,503,720,202,78,robothor_scene_03_modified.jpg,2308,990
green,1166,692,62,53,robothor_scene_03_modified.jpg,2308,990
green,745,748,74,87,robothor_scene_03_modified.jpg,2308,990
